id_persona,nombre,primer_apellido,segundo_apellido,email
1, 'Nombre1', 'PrimerAp1', 'SegundoAp1', 'email1@mail.com'
2, 'Nombre2', 'PrimerAp2', 'SegundoAp2', 'email2@mail.com'
3, 'Nombre3', 'PrimerAp3', 'SegundoAp3', 'email3@mail.com'
4, 'Nombre4', 'PrimerAp4', 'SegundoAp4', 'email4@mail.com'
5, 'Nombre5', 'PrimerAp5', 'SegundoAp5', 'email5@mail.com'
6, 'Nombre6', 'PrimerAp6', 'SegundoAp6', 'email6@mail.com'
7, 'Nombre7', 'PrimerAp7', 'SegundoAp7', 'email7@mail.com'
8, 'Nombre8', 'PrimerAp8', 'SegundoAp8', 'email8@mail.com'
9, 'Nombre9', 'PrimerAp9', 'SegundoAp9', 'email9@mail.com'
10, 'Nombre10', 'PrimerAp10', 'SegundoAp10', 'email10@mail.com'
11, 'Nombre11', 'PrimerAp11', 'SegundoAp11', 'email11@mail.com'
12, 'Nombre12', 'PrimerAp12', 'SegundoAp12', 'email12@mail.com'
13, 'Nombre13', 'PrimerAp13', 'SegundoAp13', 'email13@mail.com'
14, 'Nombre14', 'PrimerAp14', 'SegundoAp14', 'email14@mail.com'
15, 'Nombre15', 'PrimerAp15', 'SegundoAp15', 'email15@mail.com'
16, 'Nombre16', 'PrimerAp16', 'SegundoAp16', 'email16@mail.com'
17, 'Nombre17', 'PrimerAp17', 'SegundoAp17', 'email17@mail.com'
18, 'Nombre18', 'PrimerAp18', 'SegundoAp18', 'email18@mail.com'
19, 'Nombre19', 'PrimerAp19', 'SegundoAp19', 'email19@mail.com'
20, 'Nombre20', 'PrimerAp20', 'SegundoAp20', 'email20@mail.com'
21, 'Nombre21', 'PrimerAp21', 'SegundoAp21', 'email21@mail.com'
22, 'Nombre22', 'PrimerAp22', 'SegundoAp22', 'email22@mail.com'
23, 'Nombre23', 'PrimerAp23', 'SegundoAp23', 'email23@mail.com'
24, 'Nombre24', 'PrimerAp24', 'SegundoAp24', 'email24@mail.com'
25, 'Nombre25', 'PrimerAp25', 'SegundoAp25', 'email25@mail.com'
26, 'Nombre26', 'PrimerAp26', 'SegundoAp26', 'email26@mail.com'
27, 'Nombre27', 'PrimerAp27', 'SegundoAp27', 'email27@mail.com'
28, 'Nombre28', 'PrimerAp28', 'SegundoAp28', 'email28@mail.com'
29, 'Nombre29', 'PrimerAp29', 'SegundoAp29', 'email29@mail.com'
30, 'Nombre30', 'PrimerAp30', 'SegundoAp30', 'email30@mail.com'
31, 'Nombre31', 'PrimerAp31', 'SegundoAp31', 'email31@mail.com'
32, 'Nombre32', 'PrimerAp32', 'SegundoAp32', 'email32@mail.com'
33, 'Nombre33', 'PrimerAp33', 'SegundoAp33', 'email33@mail.com'
34, 'Nombre34', 'PrimerAp34', 'SegundoAp34', 'email34@mail.com'
35, 'Nombre35', 'PrimerAp35', 'SegundoAp35', 'email35@mail.com'
36, 'Nombre36', 'PrimerAp36', 'SegundoAp36', 'email36@mail.com'
37, 'Nombre37', 'PrimerAp37', 'SegundoAp37', 'email37@mail.com'
38, 'Nombre38', 'PrimerAp38', 'SegundoAp38', 'email38@mail.com'
39, 'Nombre39', 'PrimerAp39', 'SegundoAp39', 'email39@mail.com'
40, 'Nombre40', 'PrimerAp40', 'SegundoAp40', 'email40@mail.com'
41, 'Nombre41', 'PrimerAp41', 'SegundoAp41', 'email41@mail.com'
42, 'Nombre42', 'PrimerAp42', 'SegundoAp42', 'email42@mail.com'
43, 'Nombre43', 'PrimerAp43', 'SegundoAp43', 'email43@mail.com'
44, 'Nombre44', 'PrimerAp44', 'SegundoAp44', 'email44@mail.com'
45, 'Nombre45', 'PrimerAp45', 'SegundoAp45', 'email45@mail.com'
46, 'Nombre46', 'PrimerAp46', 'SegundoAp46', 'email46@mail.com'
47, 'Nombre47', 'PrimerAp47', 'SegundoAp47', 'email47@mail.com'
48, 'Nombre48', 'PrimerAp48', 'SegundoAp48', 'email48@mail.com'
49, 'Nombre49', 'PrimerAp49', 'SegundoAp49', 'email49@mail.com'
50, 'Nombre50', 'PrimerAp50', 'SegundoAp50', 'email50@mail.com'
51, 'Nombre51', 'PrimerAp51', 'SegundoAp51', 'email51@mail.com'
52, 'Nombre52', 'PrimerAp52', 'SegundoAp52', 'email52@mail.com'
53, 'Nombre53', 'PrimerAp53', 'SegundoAp53', 'email53@mail.com'
54, 'Nombre54', 'PrimerAp54', 'SegundoAp54', 'email54@mail.com'
55, 'Nombre55', 'PrimerAp55', 'SegundoAp55', 'email55@mail.com'
56, 'Nombre56', 'PrimerAp56', 'SegundoAp56', 'email56@mail.com'
57, 'Nombre57', 'PrimerAp57', 'SegundoAp57', 'email57@mail.com'
58, 'Nombre58', 'PrimerAp58', 'SegundoAp58', 'email58@mail.com'
59, 'Nombre59', 'PrimerAp59', 'SegundoAp59', 'email59@mail.com'
60, 'Nombre60', 'PrimerAp60', 'SegundoAp60', 'email60@mail.com'
61, 'Nombre61', 'PrimerAp61', 'SegundoAp61', 'email61@mail.com'
62, 'Nombre62', 'PrimerAp62', 'SegundoAp62', 'email62@mail.com'
63, 'Nombre63', 'PrimerAp63', 'SegundoAp63', 'email63@mail.com'
64, 'Nombre64', 'PrimerAp64', 'SegundoAp64', 'email64@mail.com'
65, 'Nombre65', 'PrimerAp65', 'SegundoAp65', 'email65@mail.com'
66, 'Nombre66', 'PrimerAp66', 'SegundoAp66', 'email66@mail.com'
67, 'Nombre67', 'PrimerAp67', 'SegundoAp67', 'email67@mail.com'
68, 'Nombre68', 'PrimerAp68', 'SegundoAp68', 'email68@mail.com'
69, 'Nombre69', 'PrimerAp69', 'SegundoAp69', 'email69@mail.com'
70, 'Nombre70', 'PrimerAp70', 'SegundoAp70', 'email70@mail.com'
71, 'Nombre71', 'PrimerAp71', 'SegundoAp71', 'email71@mail.com'
72, 'Nombre72', 'PrimerAp72', 'SegundoAp72', 'email72@mail.com'
73, 'Nombre73', 'PrimerAp73', 'SegundoAp73', 'email73@mail.com'
74, 'Nombre74', 'PrimerAp74', 'SegundoAp74', 'email74@mail.com'
75, 'Nombre75', 'PrimerAp75', 'SegundoAp75', 'email75@mail.com'
76, 'Nombre76', 'PrimerAp76', 'SegundoAp76', 'email76@mail.com'
77, 'Nombre77', 'PrimerAp77', 'SegundoAp77', 'email77@mail.com'
78, 'Nombre78', 'PrimerAp78', 'SegundoAp78', 'email78@mail.com'
79, 'Nombre79', 'PrimerAp79', 'SegundoAp79', 'email79@mail.com'
80, 'Nombre80', 'PrimerAp80', 'SegundoAp80', 'email80@mail.com'
81, 'Nombre81', 'PrimerAp81', 'SegundoAp81', 'email81@mail.com'
82, 'Nombre82', 'PrimerAp82', 'SegundoAp82', 'email82@mail.com'
83, 'Nombre83', 'PrimerAp83', 'SegundoAp83', 'email83@mail.com'
84, 'Nombre84', 'PrimerAp84', 'SegundoAp84', 'email84@mail.com'
85, 'Nombre85', 'PrimerAp85', 'SegundoAp85', 'email85@mail.com'
86, 'Nombre86', 'PrimerAp86', 'SegundoAp86', 'email86@mail.com'
87, 'Nombre87', 'PrimerAp87', 'SegundoAp87', 'email87@mail.com'
88, 'Nombre88', 'PrimerAp88', 'SegundoAp88', 'email88@mail.com'
89, 'Nombre89', 'PrimerAp89', 'SegundoAp89', 'email89@mail.com'
90, 'Nombre90', 'PrimerAp90', 'SegundoAp90', 'email90@mail.com'
91, 'Nombre91', 'PrimerAp91', 'SegundoAp91', 'email91@mail.com'
92, 'Nombre92', 'PrimerAp92', 'SegundoAp92', 'email92@mail.com'
93, 'Nombre93', 'PrimerAp93', 'SegundoAp93', 'email93@mail.com'
94, 'Nombre94', 'PrimerAp94', 'SegundoAp94', 'email94@mail.com'
95, 'Nombre95', 'PrimerAp95', 'SegundoAp95', 'email95@mail.com'
96, 'Nombre96', 'PrimerAp96', 'SegundoAp96', 'email96@mail.com'
97, 'Nombre97', 'PrimerAp97', 'SegundoAp97', 'email97@mail.com'
98, 'Nombre98', 'PrimerAp98', 'SegundoAp98', 'email98@mail.com'
99, 'Nombre99', 'PrimerAp99', 'SegundoAp99', 'email99@mail.com'
100, 'Nombre100', 'PrimerAp100', 'SegundoAp100', 'email100@mail.com'